sample_id	mutation_id	ref_counts	alt_counts	major_cn	minor_cn	normal_cn
A25.mutect2.filtered.snp	1:11009799	2	2	1	1	2
A25.mutect2.filtered.snp	1:17257936	10	5	1	1	2
A25.mutect2.filtered.snp	1:17661101	5	2	1	1	2
A25.mutect2.filtered.snp	1:17685805	10	2	1	1	2
A25.mutect2.filtered.snp	1:19431519	24	11	1	1	2
A25.mutect2.filtered.snp	1:19465592	19	9	1	1	2
A25.mutect2.filtered.snp	1:19483428	11	3	1	1	2
A25.mutect2.filtered.snp	1:21137376	16	14	1	1	2
A25.mutect2.filtered.snp	1:22155952	10	5	1	1	2
A25.mutect2.filtered.snp	1:26371607	14	12	1	1	2
A25.mutect2.filtered.snp	1:26385065	19	4	1	1	2
A25.mutect2.filtered.snp	1:28898373	24	5	1	1	2
A25.mutect2.filtered.snp	1:39463862	12	6	1	1	2
A25.mutect2.filtered.snp	1:43675780	11	10	1	1	2
A25.mutect2.filtered.snp	1:44415359	17	10	1	1	2
A25.mutect2.filtered.snp	1:54477955	31	9	1	1	2
A25.mutect2.filtered.snp	1:78184328	5	5	1	1	2
A25.mutect2.filtered.snp	1:94486992	18	3	1	1	2
A25.mutect2.filtered.snp	1:94546034	9	6	1	1	2
A25.mutect2.filtered.snp	1:98187039	15	10	1	1	2
A25.mutect2.filtered.snp	1:116280940	16	11	1	1	2
A25.mutect2.filtered.snp	1:144859793	39	6	1	1	2
A25.mutect2.filtered.snp	1:149858866	27	4	1	1	2
A25.mutect2.filtered.snp	1:149858869	27	4	1	1	2
A25.mutect2.filtered.snp	1:151733923	16	9	1	1	2
A25.mutect2.filtered.snp	1:152282992	43	41	1	1	2
A25.mutect2.filtered.snp	1:154295757	24	28	1	1	2
A25.mutect2.filtered.snp	1:155218241	31	20	1	1	2
A25.mutect2.filtered.snp	1:156386638	25	6	1	1	2
A25.mutect2.filtered.snp	1:158261955	15	11	1	1	2
A25.mutect2.filtered.snp	1:159038445	17	6	1	1	2
A25.mutect2.filtered.snp	1:160654930	19	24	1	1	2
A25.mutect2.filtered.snp	1:161476484	8	14	1	1	2
A25.mutect2.filtered.snp	1:175323561	18	12	1	1	2
A25.mutect2.filtered.snp	1:176912960	2	4	1	1	2
A25.mutect2.filtered.snp	1:180240489	19	17	1	1	2
A25.mutect2.filtered.snp	1:181701945	13	6	1	1	2
A25.mutect2.filtered.snp	1:183093940	23	16	1	1	2
A25.mutect2.filtered.snp	1:192990286	10	3	1	1	2
A25.mutect2.filtered.snp	1:201981200	17	24	1	1	2
A25.mutect2.filtered.snp	1:203020971	15	4	1	1	2
A25.mutect2.filtered.snp	1:205811379	8	14	1	1	2
A25.mutect2.filtered.snp	1:205886415	24	22	1	1	2
A25.mutect2.filtered.snp	1:207642488	14	28	1	1	2
A25.mutect2.filtered.snp	1:214817900	7	10	1	1	2
A25.mutect2.filtered.snp	1:228492978	64	22	1	1	2
A25.mutect2.filtered.snp	1:228521304	16	6	1	1	2
A25.mutect2.filtered.snp	1:228646127	20	3	1	1	2
A25.mutect2.filtered.snp	1:229771846	59	13	1	1	2
A25.mutect2.filtered.snp	1:233514916	23	16	1	1	2
A25.mutect2.filtered.snp	1:238051838	17	21	1	1	2
A25.mutect2.filtered.snp	1:240370669	46	11	1	1	2
A25.mutect2.filtered.snp	2:1893095	11	9	1	1	2
A25.mutect2.filtered.snp	2:20146256	13	5	1	1	2
A25.mutect2.filtered.snp	2:25095578	16	9	1	1	2
A25.mutect2.filtered.snp	2:27597941	18	15	1	1	2
A25.mutect2.filtered.snp	2:31403842	9	7	1	1	2
A25.mutect2.filtered.snp	2:46583440	9	8	1	1	2
A25.mutect2.filtered.snp	2:47739556	7	4	1	1	2
A25.mutect2.filtered.snp	2:48960170	8	5	1	1	2
A25.mutect2.filtered.snp	2:61315335	8	6	1	1	2
A25.mutect2.filtered.snp	2:73491614	10	8	1	1	2
A25.mutect2.filtered.snp	2:74601375	6	7	1	1	2
A25.mutect2.filtered.snp	2:88407883	13	12	1	1	2
A25.mutect2.filtered.snp	2:113500016	16	12	1	1	2
A25.mutect2.filtered.snp	2:128370123	13	3	1	1	2
A25.mutect2.filtered.snp	2:128631779	11	5	1	1	2
A25.mutect2.filtered.snp	2:130956008	1	2	1	1	2
A25.mutect2.filtered.snp	2:136519468	8	6	1	1	2
A25.mutect2.filtered.snp	2:145187553	18	14	1	1	2
A25.mutect2.filtered.snp	2:149803423	17	3	1	1	2
A25.mutect2.filtered.snp	2:158114856	13	8	1	1	2
A25.mutect2.filtered.snp	2:175260576	5	4	1	1	2
A25.mutect2.filtered.snp	2:179247783	15	9	1	1	2
A25.mutect2.filtered.snp	2:179410950	22	27	1	1	2
A25.mutect2.filtered.snp	2:179444546	31	19	1	1	2
A25.mutect2.filtered.snp	2:189852900	10	6	1	1	2
A25.mutect2.filtered.snp	2:196825114	16	4	1	1	2
A25.mutect2.filtered.snp	2:203757378	11	9	1	1	2
A25.mutect2.filtered.snp	2:210558297	15	6	1	1	2
A25.mutect2.filtered.snp	2:225651930	10	5	1	1	2
A25.mutect2.filtered.snp	2:228860266	16	8	1	1	2
A25.mutect2.filtered.snp	2:231973884	18	16	1	1	2
A25.mutect2.filtered.snp	2:234346089	11	2	1	1	2
A25.mutect2.filtered.snp	2:238330373	5	3	1	1	2
A25.mutect2.filtered.snp	2:241512537	5	3	1	1	2
A25.mutect2.filtered.snp	3:7348161	12	3	1	1	2
A25.mutect2.filtered.snp	3:9704130	12	4	1	1	2
A25.mutect2.filtered.snp	3:12950069	13	9	1	1	2
A25.mutect2.filtered.snp	3:12961899	16	4	1	1	2
A25.mutect2.filtered.snp	3:17418107	18	9	1	1	2
A25.mutect2.filtered.snp	3:30713399	18	9	1	1	2
A25.mutect2.filtered.snp	3:37860516	7	3	1	1	2
A25.mutect2.filtered.snp	3:44285101	25	11	1	1	2
A25.mutect2.filtered.snp	3:44844392	12	6	1	1	2
A25.mutect2.filtered.snp	3:45000019	8	8	1	1	2
A25.mutect2.filtered.snp	3:47079160	10	9	1	1	2
A25.mutect2.filtered.snp	3:48576037	8	8	1	1	2
A25.mutect2.filtered.snp	3:50214232	22	10	1	1	2
A25.mutect2.filtered.snp	3:51393872	23	16	1	1	2
A25.mutect2.filtered.snp	3:51395504	34	9	1	1	2
A25.mutect2.filtered.snp	3:62189649	6	7	1	1	2
A25.mutect2.filtered.snp	3:63825377	10	8	1	1	2
A25.mutect2.filtered.snp	3:111692600	15	7	1	1	2
A25.mutect2.filtered.snp	3:111927158	18	13	1	1	2
A25.mutect2.filtered.snp	3:112324369	12	11	1	1	2
A25.mutect2.filtered.snp	3:128780685	2	3	1	1	2
A25.mutect2.filtered.snp	3:137880893	12	9	1	1	2
A25.mutect2.filtered.snp	3:143708430	17	5	1	1	2
A25.mutect2.filtered.snp	3:154890405	19	7	1	1	2
A25.mutect2.filtered.snp	3:160021606	5	2	1	1	2
A25.mutect2.filtered.snp	3:172835213	23	10	1	1	2
A25.mutect2.filtered.snp	3:185407290	12	5	1	1	2
A25.mutect2.filtered.snp	3:193044878	8	4	1	1	2
A25.mutect2.filtered.snp	3:193159292	5	6	1	1	2
A25.mutect2.filtered.snp	3:195345966	39	11	1	1	2
A25.mutect2.filtered.snp	3:195346433	39	7	1	1	2
A25.mutect2.filtered.snp	3:195346462	51	6	1	1	2
A25.mutect2.filtered.snp	3:195515610	22	20	1	1	2
A25.mutect2.filtered.snp	3:197495324	9	7	1	1	2
A25.mutect2.filtered.snp	4:16188143	9	5	1	1	2
A25.mutect2.filtered.snp	4:17695119	7	4	1	1	2
A25.mutect2.filtered.snp	4:38829546	17	7	1	1	2
A25.mutect2.filtered.snp	4:40155871	10	4	1	1	2
A25.mutect2.filtered.snp	4:40828011	18	10	1	1	2
A25.mutect2.filtered.snp	4:69682451	17	8	1	1	2
A25.mutect2.filtered.snp	4:74442119	15	14	1	1	2
A25.mutect2.filtered.snp	4:74477437	28	14	1	1	2
A25.mutect2.filtered.snp	4:79516513	19	9	1	1	2
A25.mutect2.filtered.snp	4:104512751	8	2	1	1	2
A25.mutect2.filtered.snp	4:146770460	6	3	1	1	2
A25.mutect2.filtered.snp	4:151765842	15	11	1	1	2
A25.mutect2.filtered.snp	4:153864353	3	2	1	1	2
A25.mutect2.filtered.snp	4:155156296	22	7	1	1	2
A25.mutect2.filtered.snp	4:174537633	20	12	1	1	2
A25.mutect2.filtered.snp	4:176622755	26	7	1	1	2
A25.mutect2.filtered.snp	4:183675984	29	18	1	1	2
A25.mutect2.filtered.snp	4:183676061	44	22	1	1	2
A25.mutect2.filtered.snp	5:1394130	10	4	1	1	2
A25.mutect2.filtered.snp	5:1406383	9	4	1	1	2
A25.mutect2.filtered.snp	5:7707931	11	6	1	1	2
A25.mutect2.filtered.snp	5:38431228	11	4	1	1	2
A25.mutect2.filtered.snp	5:45645531	12	6	1	1	2
A25.mutect2.filtered.snp	5:74059510	3	5	1	1	2
A25.mutect2.filtered.snp	5:90074429	18	5	1	1	2
A25.mutect2.filtered.snp	5:125894992	4	13	1	1	2
A25.mutect2.filtered.snp	5:141025673	4	9	1	1	2
A25.mutect2.filtered.snp	5:151043658	11	22	1	1	2
A25.mutect2.filtered.snp	5:153975667	0	4	1	1	2
A25.mutect2.filtered.snp	5:168195283	10	2	1	1	2
A25.mutect2.filtered.snp	5:169720325	20	9	1	1	2
A25.mutect2.filtered.snp	6:6167727	22	10	1	1	2
A25.mutect2.filtered.snp	6:18143964	5	8	1	1	2
A25.mutect2.filtered.snp	6:24403234	3	2	1	1	2
A25.mutect2.filtered.snp	6:33154428	18	5	1	1	2
A25.mutect2.filtered.snp	6:35280221	9	5	1	1	2
A25.mutect2.filtered.snp	6:37446888	13	2	1	1	2
A25.mutect2.filtered.snp	6:38790755	10	3	1	1	2
A25.mutect2.filtered.snp	6:43400020	20	10	1	1	2
A25.mutect2.filtered.snp	6:44134406	5	5	1	1	2
A25.mutect2.filtered.snp	6:47575715	23	9	1	1	2
A25.mutect2.filtered.snp	6:49399587	15	9	1	1	2
A25.mutect2.filtered.snp	6:50696613	24	17	1	1	2
A25.mutect2.filtered.snp	6:55119996	19	9	1	1	2
A25.mutect2.filtered.snp	6:55966221	5	6	1	1	2
A25.mutect2.filtered.snp	6:56033032	9	5	1	1	2
A25.mutect2.filtered.snp	6:74496960	6	5	1	1	2
A25.mutect2.filtered.snp	6:75828730	17	8	1	1	2
A25.mutect2.filtered.snp	6:86239954	8	2	1	1	2
A25.mutect2.filtered.snp	6:90583409	6	5	1	1	2
A25.mutect2.filtered.snp	6:90604799	25	10	1	1	2
A25.mutect2.filtered.snp	6:102503244	11	5	1	1	2
A25.mutect2.filtered.snp	6:110763996	9	10	1	1	2
A25.mutect2.filtered.snp	6:111213375	22	11	1	1	2
A25.mutect2.filtered.snp	6:121491532	12	9	1	1	2
A25.mutect2.filtered.snp	6:131997885	10	3	1	1	2
A25.mutect2.filtered.snp	6:136710698	17	10	1	1	2
A25.mutect2.filtered.snp	6:136923060	13	6	1	1	2
A25.mutect2.filtered.snp	6:147128614	7	4	1	1	2
A25.mutect2.filtered.snp	6:150267682	34	14	1	1	2
A25.mutect2.filtered.snp	6:152784652	9	6	1	1	2
A25.mutect2.filtered.snp	7:3991380	3	8	1	1	2
A25.mutect2.filtered.snp	7:12684336	18	7	1	1	2
A25.mutect2.filtered.snp	7:20194046	2	4	1	1	2
A25.mutect2.filtered.snp	7:20420319	11	4	1	1	2
A25.mutect2.filtered.snp	7:23731042	25	9	1	1	2
A25.mutect2.filtered.snp	7:31877532	14	8	1	1	2
A25.mutect2.filtered.snp	7:83591024	10	14	1	1	2
A25.mutect2.filtered.snp	7:92735029	24	13	1	1	2
A25.mutect2.filtered.snp	7:96637014	20	6	1	1	2
A25.mutect2.filtered.snp	7:106508836	9	8	1	1	2
A25.mutect2.filtered.snp	7:128452224	14	12	1	1	2
A25.mutect2.filtered.snp	7:138603774	27	23	1	1	2
A25.mutect2.filtered.snp	7:140273812	13	4	1	1	2
A25.mutect2.filtered.snp	7:141727503	9	7	1	1	2
A25.mutect2.filtered.snp	7:141776575	2	17	1	1	2
A25.mutect2.filtered.snp	7:146818150	23	10	1	1	2
A25.mutect2.filtered.snp	7:155436223	25	17	1	1	2
A25.mutect2.filtered.snp	8:24333440	21	9	1	1	2
A25.mutect2.filtered.snp	8:41581055	16	6	1	1	2
A25.mutect2.filtered.snp	8:48846705	5	8	1	1	2
A25.mutect2.filtered.snp	8:54669155	8	3	1	1	2
A25.mutect2.filtered.snp	8:62577826	22	7	1	1	2
A25.mutect2.filtered.snp	8:69039671	15	4	1	1	2
A25.mutect2.filtered.snp	8:92033686	10	3	1	1	2
A25.mutect2.filtered.snp	8:102570875	24	9	1	1	2
A25.mutect2.filtered.snp	8:119936652	17	15	1	1	2
A25.mutect2.filtered.snp	8:141370294	7	4	1	1	2
A25.mutect2.filtered.snp	8:144460871	2	3	1	1	2
A25.mutect2.filtered.snp	9:14690271	6	2	1	1	2
A25.mutect2.filtered.snp	9:14859415	25	17	1	1	2
A25.mutect2.filtered.snp	9:19516249	21	14	1	1	2
A25.mutect2.filtered.snp	9:20354939	8	3	1	1	2
A25.mutect2.filtered.snp	9:33068902	8	5	1	1	2
A25.mutect2.filtered.snp	9:33524633	2	3	1	1	2
A25.mutect2.filtered.snp	9:33799194	80	4	1	1	2
A25.mutect2.filtered.snp	9:37719159	7	5	1	1	2
A25.mutect2.filtered.snp	9:66457381	53	3	1	1	2
A25.mutect2.filtered.snp	9:79323586	32	12	1	1	2
A25.mutect2.filtered.snp	9:84249145	4	2	1	1	2
A25.mutect2.filtered.snp	9:92006338	22	13	1	1	2
A25.mutect2.filtered.snp	9:115014995	10	6	1	1	2
A25.mutect2.filtered.snp	9:116187245	11	4	1	1	2
A25.mutect2.filtered.snp	9:126164193	7	4	1	1	2
A25.mutect2.filtered.snp	9:127228642	12	3	1	1	2
A25.mutect2.filtered.snp	9:128434659	9	5	1	1	2
A25.mutect2.filtered.snp	9:131185167	17	10	1	1	2
A25.mutect2.filtered.snp	9:135781273	13	13	1	1	2
A25.mutect2.filtered.snp	9:135983436	21	8	1	1	2
A25.mutect2.filtered.snp	9:138415735	6	4	1	1	2
A25.mutect2.filtered.snp	10:13275713	20	5	1	1	2
A25.mutect2.filtered.snp	10:24880283	13	8	1	1	2
A25.mutect2.filtered.snp	10:24909707	27	3	1	1	2
A25.mutect2.filtered.snp	10:28345482	17	9	1	1	2
A25.mutect2.filtered.snp	10:49459543	12	9	1	1	2
A25.mutect2.filtered.snp	10:70497621	7	2	1	1	2
A25.mutect2.filtered.snp	10:70947323	3	2	1	1	2
A25.mutect2.filtered.snp	10:92654500	21	9	1	1	2
A25.mutect2.filtered.snp	10:102240749	15	7	1	1	2
A25.mutect2.filtered.snp	10:125516845	13	8	1	1	2
A25.mutect2.filtered.snp	11:1220666	5	4	1	1	2
A25.mutect2.filtered.snp	11:4881463	20	13	1	1	2
A25.mutect2.filtered.snp	11:5068194	25	4	1	1	2
A25.mutect2.filtered.snp	11:6479090	13	8	1	1	2
A25.mutect2.filtered.snp	11:18762157	8	4	1	1	2
A25.mutect2.filtered.snp	11:35302536	10	9	1	1	2
A25.mutect2.filtered.snp	11:36523019	21	5	1	1	2
A25.mutect2.filtered.snp	11:49974489	39	18	1	1	2
A25.mutect2.filtered.snp	11:56185719	15	9	1	1	2
A25.mutect2.filtered.snp	11:56468575	89	20	1	1	2
A25.mutect2.filtered.snp	11:57971203	58	3	1	1	2
A25.mutect2.filtered.snp	11:60105318	28	11	1	1	2
A25.mutect2.filtered.snp	11:62295157	39	3	1	1	2
A25.mutect2.filtered.snp	11:64418820	7	6	1	1	2
A25.mutect2.filtered.snp	11:64577088	7	3	1	1	2
A25.mutect2.filtered.snp	11:64799900	22	4	1	1	2
A25.mutect2.filtered.snp	11:72084024	30	7	1	1	2
A25.mutect2.filtered.snp	11:93432079	22	4	1	1	2
A25.mutect2.filtered.snp	11:108709382	12	3	1	1	2
A25.mutect2.filtered.snp	11:111851573	26	19	1	1	2
A25.mutect2.filtered.snp	11:114569499	14	3	1	1	2
A25.mutect2.filtered.snp	11:117785137	41	19	1	1	2
A25.mutect2.filtered.snp	11:118984667	20	14	1	1	2
A25.mutect2.filtered.snp	11:120319865	4	4	1	1	2
A25.mutect2.filtered.snp	11:124121212	50	17	1	1	2
A25.mutect2.filtered.snp	12:25263160	3	7	1	1	2
A25.mutect2.filtered.snp	12:40930656	15	4	1	1	2
A25.mutect2.filtered.snp	12:41303730	7	5	1	1	2
A25.mutect2.filtered.snp	12:49444328	12	7	1	1	2
A25.mutect2.filtered.snp	12:53469579	11	3	1	1	2
A25.mutect2.filtered.snp	12:53865387	5	2	1	1	2
A25.mutect2.filtered.snp	12:70065261	13	7	1	1	2
A25.mutect2.filtered.snp	12:71972514	10	5	1	1	2
A25.mutect2.filtered.snp	12:77421686	13	8	1	1	2
A25.mutect2.filtered.snp	12:86275999	7	4	1	1	2
A25.mutect2.filtered.snp	12:95507475	6	5	1	1	2
A25.mutect2.filtered.snp	12:101333193	10	10	1	1	2
A25.mutect2.filtered.snp	12:104391346	14	7	1	1	2
A25.mutect2.filtered.snp	12:109948172	10	4	1	1	2
A25.mutect2.filtered.snp	12:110788164	8	3	1	1	2
A25.mutect2.filtered.snp	12:119419762	5	4	1	1	2
A25.mutect2.filtered.snp	12:120636315	20	5	1	1	2
A25.mutect2.filtered.snp	12:124408347	15	4	1	1	2
A25.mutect2.filtered.snp	13:52952356	3	7	1	1	2
A25.mutect2.filtered.snp	13:73638021	3	6	1	1	2
A25.mutect2.filtered.snp	13:76395306	3	7	1	1	2
A25.mutect2.filtered.snp	14:20586037	33	14	1	1	2
A25.mutect2.filtered.snp	14:21238676	16	14	1	1	2
A25.mutect2.filtered.snp	14:21387883	23	11	1	1	2
A25.mutect2.filtered.snp	14:22520972	13	5	1	1	2
A25.mutect2.filtered.snp	14:42355930	8	10	1	1	2
A25.mutect2.filtered.snp	14:42368126	21	10	1	1	2
A25.mutect2.filtered.snp	14:50734497	13	7	1	1	2
A25.mutect2.filtered.snp	14:66082791	21	18	1	1	2
A25.mutect2.filtered.snp	14:68248192	14	7	1	1	2
A25.mutect2.filtered.snp	14:69697184	5	7	1	1	2
A25.mutect2.filtered.snp	14:70634411	14	7	1	1	2
A25.mutect2.filtered.snp	14:74961092	5	6	1	1	2
A25.mutect2.filtered.snp	14:75022223	12	9	1	1	2
A25.mutect2.filtered.snp	14:80672664	3	3	1	1	2
A25.mutect2.filtered.snp	14:91808852	3	7	1	1	2
A25.mutect2.filtered.snp	14:94395509	10	8	1	1	2
A25.mutect2.filtered.snp	14:107283209	67	7	1	1	2
A25.mutect2.filtered.snp	15:25485136	13	6	1	1	2
A25.mutect2.filtered.snp	15:25924959	24	11	1	1	2
A25.mutect2.filtered.snp	15:27890374	13	3	1	1	2
A25.mutect2.filtered.snp	15:28377426	6	6	1	1	2
A25.mutect2.filtered.snp	15:33962664	11	14	1	1	2
A25.mutect2.filtered.snp	15:42529815	8	4	1	1	2
A25.mutect2.filtered.snp	15:43527163	4	5	1	1	2
A25.mutect2.filtered.snp	15:43766824	4	3	1	1	2
A25.mutect2.filtered.snp	15:56152975	13	7	1	1	2
A25.mutect2.filtered.snp	15:57734668	12	7	1	1	2
A25.mutect2.filtered.snp	15:58306519	15	15	1	1	2
A25.mutect2.filtered.snp	15:68065017	13	4	1	1	2
A25.mutect2.filtered.snp	15:68118999	6	2	1	1	2
A25.mutect2.filtered.snp	15:75893542	7	5	1	1	2
A25.mutect2.filtered.snp	15:80450420	17	11	1	1	2
A25.mutect2.filtered.snp	15:88428937	4	3	1	1	2
A25.mutect2.filtered.snp	15:93015487	20	10	1	1	2
A25.mutect2.filtered.snp	15:99740178	17	9	1	1	2
A25.mutect2.filtered.snp	16:167288	5	5	1	1	2
A25.mutect2.filtered.snp	16:9923411	4	5	1	1	2
A25.mutect2.filtered.snp	16:10631909	20	4	1	1	2
A25.mutect2.filtered.snp	16:31372476	4	8	1	1	2
A25.mutect2.filtered.snp	16:46598217	9	8	1	1	2
A25.mutect2.filtered.snp	16:48158230	8	8	1	1	2
A25.mutect2.filtered.snp	16:53532502	8	7	1	1	2
A25.mutect2.filtered.snp	16:56703905	16	3	1	1	2
A25.mutect2.filtered.snp	16:69988362	5	5	1	1	2
A25.mutect2.filtered.snp	16:84035377	7	6	1	1	2
A25.mutect2.filtered.snp	16:84779180	16	6	1	1	2
A25.mutect2.filtered.snp	17:6381864	1	6	1	1	2
A25.mutect2.filtered.snp	17:7577098	7	3	1	1	2
A25.mutect2.filtered.snp	17:12917792	10	12	1	1	2
A25.mutect2.filtered.snp	17:16329432	12	8	1	1	2
A25.mutect2.filtered.snp	17:26970000	20	11	1	1	2
A25.mutect2.filtered.snp	17:33592240	32	12	1	1	2
A25.mutect2.filtered.snp	17:35609958	13	3	1	1	2
A25.mutect2.filtered.snp	17:35656355	7	5	1	1	2
A25.mutect2.filtered.snp	17:38318043	20	4	1	1	2
A25.mutect2.filtered.snp	17:39553161	13	5	1	1	2
A25.mutect2.filtered.snp	17:42982255	13	5	1	1	2
A25.mutect2.filtered.snp	17:46259851	17	9	1	1	2
A25.mutect2.filtered.snp	17:53068217	16	10	1	1	2
A25.mutect2.filtered.snp	17:56271292	7	10	1	1	2
A25.mutect2.filtered.snp	17:62049540	15	9	1	1	2
A25.mutect2.filtered.snp	17:62923751	14	5	1	1	2
A25.mutect2.filtered.snp	17:63206780	13	6	1	1	2
A25.mutect2.filtered.snp	17:71192838	14	8	1	1	2
A25.mutect2.filtered.snp	17:72861024	14	14	1	1	2
A25.mutect2.filtered.snp	17:78327407	7	3	1	1	2
A25.mutect2.filtered.snp	17:79852288	11	5	1	1	2
A25.mutect2.filtered.snp	17:80367374	13	4	1	1	2
A25.mutect2.filtered.snp	17:80684960	15	12	1	1	2
A25.mutect2.filtered.snp	18:12115483	21	11	1	1	2
A25.mutect2.filtered.snp	18:12125813	23	12	1	1	2
A25.mutect2.filtered.snp	18:30257237	32	9	1	1	2
A25.mutect2.filtered.snp	18:44559638	14	3	1	1	2
A25.mutect2.filtered.snp	18:54270204	11	3	1	1	2
A25.mutect2.filtered.snp	19:2989074	8	2	1	1	2
A25.mutect2.filtered.snp	19:6475421	10	3	1	1	2
A25.mutect2.filtered.snp	19:9011068	26	13	1	1	2
A25.mutect2.filtered.snp	19:9868280	16	10	1	1	2
A25.mutect2.filtered.snp	19:11408834	11	6	1	1	2
A25.mutect2.filtered.snp	19:11892522	23	15	1	1	2
A25.mutect2.filtered.snp	19:12917946	11	11	1	1	2
A25.mutect2.filtered.snp	19:17452334	6	5	1	1	2
A25.mutect2.filtered.snp	19:17749867	8	4	1	1	2
A25.mutect2.filtered.snp	19:19605193	9	6	1	1	2
A25.mutect2.filtered.snp	19:34513725	39	4	1	1	2
A25.mutect2.filtered.snp	19:35978418	24	15	1	1	2
A25.mutect2.filtered.snp	19:36832481	8	6	1	1	2
A25.mutect2.filtered.snp	19:38948965	12	9	1	1	2
A25.mutect2.filtered.snp	19:39905684	6	5	1	1	2
A25.mutect2.filtered.snp	19:42219640	9	6	1	1	2
A25.mutect2.filtered.snp	19:46326074	6	2	1	1	2
A25.mutect2.filtered.snp	19:48342870	13	9	1	1	2
A25.mutect2.filtered.snp	19:49253515	10	6	1	1	2
A25.mutect2.filtered.snp	19:49529054	11	5	1	1	2
A25.mutect2.filtered.snp	19:51323229	6	3	1	1	2
A25.mutect2.filtered.snp	19:53612028	35	10	1	1	2
A25.mutect2.filtered.snp	19:54301589	7	3	1	1	2
A25.mutect2.filtered.snp	19:55179368	16	5	1	1	2
A25.mutect2.filtered.snp	19:56482035	15	10	1	1	2
A25.mutect2.filtered.snp	19:56719923	19	3	1	1	2
A25.mutect2.filtered.snp	19:57640295	9	4	1	1	2
A25.mutect2.filtered.snp	20:9416364	2	2	1	1	2
A25.mutect2.filtered.snp	20:23064901	22	9	1	1	2
A25.mutect2.filtered.snp	20:24995830	9	5	1	1	2
A25.mutect2.filtered.snp	20:26063536	4	4	1	1	2
A25.mutect2.filtered.snp	20:31814650	29	10	1	1	2
A25.mutect2.filtered.snp	20:32878275	33	22	1	1	2
A25.mutect2.filtered.snp	20:33981943	18	8	1	1	2
A25.mutect2.filtered.snp	20:36641105	21	7	1	1	2
A25.mutect2.filtered.snp	20:37531309	19	19	1	1	2
A25.mutect2.filtered.snp	20:42635215	16	13	1	1	2
A25.mutect2.filtered.snp	20:43047084	15	3	1	1	2
A25.mutect2.filtered.snp	20:44258364	6	8	1	1	2
A25.mutect2.filtered.snp	20:44439605	25	12	1	1	2
A25.mutect2.filtered.snp	20:47262485	16	5	1	1	2
A25.mutect2.filtered.snp	20:55072575	10	7	1	1	2
A25.mutect2.filtered.snp	20:60737921	3	4	1	1	2
A25.mutect2.filtered.snp	20:61449993	6	6	1	1	2
A25.mutect2.filtered.snp	21:41668046	13	7	1	1	2
A25.mutect2.filtered.snp	21:44524502	6	2	1	1	2
A25.mutect2.filtered.snp	22:23779709	8	4	1	1	2
A25.mutect2.filtered.snp	22:26343890	24	8	1	1	2
A25.mutect2.filtered.snp	22:31533752	23	9	1	1	2
A25.mutect2.filtered.snp	22:36745266	13	6	1	1	2
A25.mutect2.filtered.snp	22:41980351	11	10	1	1	2
A25.mutect2.filtered.snp	X:19431516	13	3	1	1	2
A25.mutect2.filtered.snp	X:20156759	3	5	1	1	2
A25.mutect2.filtered.snp	X:47426293	6	14	1	1	2
A25.mutect2.filtered.snp	X:69176910	0	3	1	1	2
A25.mutect2.filtered.snp	X:73961018	7	10	1	1	2
A25.mutect2.filtered.snp	X:114400909	0	5	1	1	2
A25.mutect2.filtered.snp	X:134155626	4	8	1	1	2
A25.mutect2.filtered.snp	X:135427840	4	9	1	1	2
A25.mutect2.filtered.snp	X:144909399	2	7	1	1	2
A25.mutect2.filtered.snp	X:152968378	4	10	1	1	2
