mutation_id	sample_id	cluster_id	cellular_prevalence	cellular_prevalence_std	cluster_assignment_prob
b'10:24909707'	b'A25.mutect2.filtered.snp'	0	0.4266	0.0247	0.4373
b'11:5068194'	b'A25.mutect2.filtered.snp'	0	0.4266	0.0247	0.5337
b'11:56468575'	b'A25.mutect2.filtered.snp'	0	0.4266	0.0247	0.9854
b'11:64799900'	b'A25.mutect2.filtered.snp'	0	0.4266	0.0247	0.4652
b'11:72084024'	b'A25.mutect2.filtered.snp'	0	0.4266	0.0247	0.5068
b'11:93432079'	b'A25.mutect2.filtered.snp'	0	0.4266	0.0247	0.4652
b'19:56719923'	b'A25.mutect2.filtered.snp'	0	0.4266	0.0247	0.4289
b'1:144859793'	b'A25.mutect2.filtered.snp'	0	0.4266	0.0247	0.6465
b'1:149858866'	b'A25.mutect2.filtered.snp'	0	0.4266	0.0247	0.5498
b'1:149858869'	b'A25.mutect2.filtered.snp'	0	0.4266	0.0247	0.5498
b'1:228646127'	b'A25.mutect2.filtered.snp'	0	0.4266	0.0247	0.4511
b'1:229771846'	b'A25.mutect2.filtered.snp'	0	0.4266	0.0247	0.9034
b'1:240370669'	b'A25.mutect2.filtered.snp'	0	0.4266	0.0247	0.7314
b'3:195346433'	b'A25.mutect2.filtered.snp'	0	0.4266	0.0247	0.7326
b'12:25263160'	b'A25.mutect2.filtered.snp'	1	0.9795	0.0169	0.6290
b'13:52952356'	b'A25.mutect2.filtered.snp'	1	0.9795	0.0169	0.6290
b'13:73638021'	b'A25.mutect2.filtered.snp'	1	0.9795	0.0169	0.5434
b'13:76395306'	b'A25.mutect2.filtered.snp'	1	0.9795	0.0169	0.6290
b'14:42355930'	b'A25.mutect2.filtered.snp'	1	0.9795	0.0169	0.5843
b'14:66082791'	b'A25.mutect2.filtered.snp'	1	0.9795	0.0169	0.4792
b'14:69697184'	b'A25.mutect2.filtered.snp'	1	0.9795	0.0169	0.5072
b'14:91808852'	b'A25.mutect2.filtered.snp'	1	0.9795	0.0169	0.6290
b'15:33962664'	b'A25.mutect2.filtered.snp'	1	0.9795	0.0169	0.7299
b'15:58306519'	b'A25.mutect2.filtered.snp'	1	0.9795	0.0169	0.5878
b'16:31372476'	b'A25.mutect2.filtered.snp'	1	0.9795	0.0169	0.6528
b'17:12917792'	b'A25.mutect2.filtered.snp'	1	0.9795	0.0169	0.6329
b'17:56271292'	b'A25.mutect2.filtered.snp'	1	0.9795	0.0169	0.6430
b'17:6381864'	b'A25.mutect2.filtered.snp'	1	0.9795	0.0169	0.6622
b'17:72861024'	b'A25.mutect2.filtered.snp'	1	0.9795	0.0169	0.5629
b'19:12917946'	b'A25.mutect2.filtered.snp'	1	0.9795	0.0169	0.4864
b'1:152282992'	b'A25.mutect2.filtered.snp'	1	0.9795	0.0169	0.9200
b'1:154295757'	b'A25.mutect2.filtered.snp'	1	0.9795	0.0169	0.9323
b'1:160654930'	b'A25.mutect2.filtered.snp'	1	0.9795	0.0169	0.9223
b'1:161476484'	b'A25.mutect2.filtered.snp'	1	0.9795	0.0169	0.8494
b'1:180240489'	b'A25.mutect2.filtered.snp'	1	0.9795	0.0169	0.5157
b'1:201981200'	b'A25.mutect2.filtered.snp'	1	0.9795	0.0169	0.9505
b'1:205811379'	b'A25.mutect2.filtered.snp'	1	0.9795	0.0169	0.8494
b'1:205886415'	b'A25.mutect2.filtered.snp'	1	0.9795	0.0169	0.6384
b'1:207642488'	b'A25.mutect2.filtered.snp'	1	0.9795	0.0169	0.9932
b'1:214817900'	b'A25.mutect2.filtered.snp'	1	0.9795	0.0169	0.6430
b'1:238051838'	b'A25.mutect2.filtered.snp'	1	0.9795	0.0169	0.8740
b'20:37531309'	b'A25.mutect2.filtered.snp'	1	0.9795	0.0169	0.6811
b'20:44258364'	b'A25.mutect2.filtered.snp'	1	0.9795	0.0169	0.5333
b'2:179410950'	b'A25.mutect2.filtered.snp'	1	0.9795	0.0169	0.9408
b'2:231973884'	b'A25.mutect2.filtered.snp'	1	0.9795	0.0169	0.4903
b'3:195515610'	b'A25.mutect2.filtered.snp'	1	0.9795	0.0169	0.5907
b'4:74442119'	b'A25.mutect2.filtered.snp'	1	0.9795	0.0169	0.5013
b'5:125894992'	b'A25.mutect2.filtered.snp'	1	0.9795	0.0169	0.9139
b'5:141025673'	b'A25.mutect2.filtered.snp'	1	0.9795	0.0169	0.7273
b'5:151043658'	b'A25.mutect2.filtered.snp'	1	0.9795	0.0169	0.9763
b'5:153975667'	b'A25.mutect2.filtered.snp'	1	0.9795	0.0169	0.5528
b'6:110763996'	b'A25.mutect2.filtered.snp'	1	0.9795	0.0169	0.5229
b'6:18143964'	b'A25.mutect2.filtered.snp'	1	0.9795	0.0169	0.5945
b'7:138603774'	b'A25.mutect2.filtered.snp'	1	0.9795	0.0169	0.5439
b'7:141776575'	b'A25.mutect2.filtered.snp'	1	0.9795	0.0169	0.9851
b'7:3991380'	b'A25.mutect2.filtered.snp'	1	0.9795	0.0169	0.7067
b'7:83591024'	b'A25.mutect2.filtered.snp'	1	0.9795	0.0169	0.7755
b'8:119936652'	b'A25.mutect2.filtered.snp'	1	0.9795	0.0169	0.4648
b'8:48846705'	b'A25.mutect2.filtered.snp'	1	0.9795	0.0169	0.5945
b'9:135781273'	b'A25.mutect2.filtered.snp'	1	0.9795	0.0169	0.5377
b'X:114400909'	b'A25.mutect2.filtered.snp'	1	0.9795	0.0169	0.6385
b'X:134155626'	b'A25.mutect2.filtered.snp'	1	0.9795	0.0169	0.6528
b'X:135427840'	b'A25.mutect2.filtered.snp'	1	0.9795	0.0169	0.7273
b'X:144909399'	b'A25.mutect2.filtered.snp'	1	0.9795	0.0169	0.6849
b'X:152968378'	b'A25.mutect2.filtered.snp'	1	0.9795	0.0169	0.7907
b'X:47426293'	b'A25.mutect2.filtered.snp'	1	0.9795	0.0169	0.9018
b'X:69176910'	b'A25.mutect2.filtered.snp'	1	0.9795	0.0169	0.4624
b'X:73961018'	b'A25.mutect2.filtered.snp'	1	0.9795	0.0169	0.6430
b'11:57971203'	b'A25.mutect2.filtered.snp'	2	0.1795	0.0371	0.4953
b'11:62295157'	b'A25.mutect2.filtered.snp'	2	0.1795	0.0371	0.4271
b'14:107283209'	b'A25.mutect2.filtered.snp'	2	0.1795	0.0371	0.4566
b'19:34513725'	b'A25.mutect2.filtered.snp'	2	0.1795	0.0371	0.3524
b'3:195346462'	b'A25.mutect2.filtered.snp'	2	0.1795	0.0371	0.3544
b'9:33799194'	b'A25.mutect2.filtered.snp'	2	0.1795	0.0371	0.5001
b'9:66457381'	b'A25.mutect2.filtered.snp'	2	0.1795	0.0371	0.4898
b'10:102240749'	b'A25.mutect2.filtered.snp'	3	0.6814	0.0126	0.7983
b'10:125516845'	b'A25.mutect2.filtered.snp'	3	0.6814	0.0126	0.7372
b'10:13275713'	b'A25.mutect2.filtered.snp'	3	0.6814	0.0126	0.6318
b'10:24880283'	b'A25.mutect2.filtered.snp'	3	0.6814	0.0126	0.7372
b'10:28345482'	b'A25.mutect2.filtered.snp'	3	0.6814	0.0126	0.8033
b'10:49459543'	b'A25.mutect2.filtered.snp'	3	0.6814	0.0126	0.6468
b'10:70497621'	b'A25.mutect2.filtered.snp'	3	0.6814	0.0126	0.7007
b'10:70947323'	b'A25.mutect2.filtered.snp'	3	0.6814	0.0126	0.6509
b'10:92654500'	b'A25.mutect2.filtered.snp'	3	0.6814	0.0126	0.8344
b'11:108709382'	b'A25.mutect2.filtered.snp'	3	0.6814	0.0126	0.6882
b'11:111851573'	b'A25.mutect2.filtered.snp'	3	0.6814	0.0126	0.6415
b'11:114569499'	b'A25.mutect2.filtered.snp'	3	0.6814	0.0126	0.6296
b'11:117785137'	b'A25.mutect2.filtered.snp'	3	0.6814	0.0126	0.9176
b'11:118984667'	b'A25.mutect2.filtered.snp'	3	0.6814	0.0126	0.6908
b'11:120319865'	b'A25.mutect2.filtered.snp'	3	0.6814	0.0126	0.5932
b'11:1220666'	b'A25.mutect2.filtered.snp'	3	0.6814	0.0126	0.6368
b'11:124121212'	b'A25.mutect2.filtered.snp'	3	0.6814	0.0126	0.7261
b'11:18762157'	b'A25.mutect2.filtered.snp'	3	0.6814	0.0126	0.7267
b'11:35302536'	b'A25.mutect2.filtered.snp'	3	0.6814	0.0126	0.5463
b'11:36523019'	b'A25.mutect2.filtered.snp'	3	0.6814	0.0126	0.5940
b'11:4881463'	b'A25.mutect2.filtered.snp'	3	0.6814	0.0126	0.7448
b'11:49974489'	b'A25.mutect2.filtered.snp'	3	0.6814	0.0126	0.9124
b'11:56185719'	b'A25.mutect2.filtered.snp'	3	0.6814	0.0126	0.7580
b'11:60105318'	b'A25.mutect2.filtered.snp'	3	0.6814	0.0126	0.8414
b'11:64418820'	b'A25.mutect2.filtered.snp'	3	0.6814	0.0126	0.6066
b'11:64577088'	b'A25.mutect2.filtered.snp'	3	0.6814	0.0126	0.7191
b'11:6479090'	b'A25.mutect2.filtered.snp'	3	0.6814	0.0126	0.7372
b'12:101333193'	b'A25.mutect2.filtered.snp'	3	0.6814	0.0126	0.4677
b'12:104391346'	b'A25.mutect2.filtered.snp'	3	0.6814	0.0126	0.7864
b'12:109948172'	b'A25.mutect2.filtered.snp'	3	0.6814	0.0126	0.7503
b'12:110788164'	b'A25.mutect2.filtered.snp'	3	0.6814	0.0126	0.7276
b'12:119419762'	b'A25.mutect2.filtered.snp'	3	0.6814	0.0126	0.6368
b'12:120636315'	b'A25.mutect2.filtered.snp'	3	0.6814	0.0126	0.6318
b'12:124408347'	b'A25.mutect2.filtered.snp'	3	0.6814	0.0126	0.6946
b'12:40930656'	b'A25.mutect2.filtered.snp'	3	0.6814	0.0126	0.6946
b'12:41303730'	b'A25.mutect2.filtered.snp'	3	0.6814	0.0126	0.6645
b'12:49444328'	b'A25.mutect2.filtered.snp'	3	0.6814	0.0126	0.7448
b'12:53469579'	b'A25.mutect2.filtered.snp'	3	0.6814	0.0126	0.7084
b'12:53865387'	b'A25.mutect2.filtered.snp'	3	0.6814	0.0126	0.6930
b'12:70065261'	b'A25.mutect2.filtered.snp'	3	0.6814	0.0126	0.7686
b'12:71972514'	b'A25.mutect2.filtered.snp'	3	0.6814	0.0126	0.7484
b'12:77421686'	b'A25.mutect2.filtered.snp'	3	0.6814	0.0126	0.7372
b'12:86275999'	b'A25.mutect2.filtered.snp'	3	0.6814	0.0126	0.7040
b'12:95507475'	b'A25.mutect2.filtered.snp'	3	0.6814	0.0126	0.6231
b'14:20586037'	b'A25.mutect2.filtered.snp'	3	0.6814	0.0126	0.8804
b'14:21238676'	b'A25.mutect2.filtered.snp'	3	0.6814	0.0126	0.4868
b'14:21387883'	b'A25.mutect2.filtered.snp'	3	0.6814	0.0126	0.8523
b'14:22520972'	b'A25.mutect2.filtered.snp'	3	0.6814	0.0126	0.7720
b'14:42368126'	b'A25.mutect2.filtered.snp'	3	0.6814	0.0126	0.8406
b'14:50734497'	b'A25.mutect2.filtered.snp'	3	0.6814	0.0126	0.7686
b'14:68248192'	b'A25.mutect2.filtered.snp'	3	0.6814	0.0126	0.7864
b'14:70634411'	b'A25.mutect2.filtered.snp'	3	0.6814	0.0126	0.7864
b'14:74961092'	b'A25.mutect2.filtered.snp'	3	0.6814	0.0126	0.5030
b'14:75022223'	b'A25.mutect2.filtered.snp'	3	0.6814	0.0126	0.6468
b'14:80672664'	b'A25.mutect2.filtered.snp'	3	0.6814	0.0126	0.6074
b'14:94395509'	b'A25.mutect2.filtered.snp'	3	0.6814	0.0126	0.6181
b'15:25485136'	b'A25.mutect2.filtered.snp'	3	0.6814	0.0126	0.7813
b'15:25924959'	b'A25.mutect2.filtered.snp'	3	0.6814	0.0126	0.8567
b'15:27890374'	b'A25.mutect2.filtered.snp'	3	0.6814	0.0126	0.6618
b'15:28377426'	b'A25.mutect2.filtered.snp'	3	0.6814	0.0126	0.5567
b'15:42529815'	b'A25.mutect2.filtered.snp'	3	0.6814	0.0126	0.7267
b'15:43527163'	b'A25.mutect2.filtered.snp'	3	0.6814	0.0126	0.5244
b'15:43766824'	b'A25.mutect2.filtered.snp'	3	0.6814	0.0126	0.6466
b'15:56152975'	b'A25.mutect2.filtered.snp'	3	0.6814	0.0126	0.7686
b'15:57734668'	b'A25.mutect2.filtered.snp'	3	0.6814	0.0126	0.7448
b'15:68065017'	b'A25.mutect2.filtered.snp'	3	0.6814	0.0126	0.7350
b'15:68118999'	b'A25.mutect2.filtered.snp'	3	0.6814	0.0126	0.7011
b'15:75893542'	b'A25.mutect2.filtered.snp'	3	0.6814	0.0126	0.6645
b'15:80450420'	b'A25.mutect2.filtered.snp'	3	0.6814	0.0126	0.7366
b'15:88428937'	b'A25.mutect2.filtered.snp'	3	0.6814	0.0126	0.6466
b'15:93015487'	b'A25.mutect2.filtered.snp'	3	0.6814	0.0126	0.8317
b'15:99740178'	b'A25.mutect2.filtered.snp'	3	0.6814	0.0126	0.8033
b'16:10631909'	b'A25.mutect2.filtered.snp'	3	0.6814	0.0126	0.5107
b'16:167288'	b'A25.mutect2.filtered.snp'	3	0.6814	0.0126	0.5760
b'16:46598217'	b'A25.mutect2.filtered.snp'	3	0.6814	0.0126	0.5678
b'16:48158230'	b'A25.mutect2.filtered.snp'	3	0.6814	0.0126	0.5138
b'16:53532502'	b'A25.mutect2.filtered.snp'	3	0.6814	0.0126	0.5880
b'16:56703905'	b'A25.mutect2.filtered.snp'	3	0.6814	0.0126	0.5508
b'16:69988362'	b'A25.mutect2.filtered.snp'	3	0.6814	0.0126	0.5760
b'16:84035377'	b'A25.mutect2.filtered.snp'	3	0.6814	0.0126	0.6066
b'16:84779180'	b'A25.mutect2.filtered.snp'	3	0.6814	0.0126	0.7861
b'16:9923411'	b'A25.mutect2.filtered.snp'	3	0.6814	0.0126	0.5244
b'17:16329432'	b'A25.mutect2.filtered.snp'	3	0.6814	0.0126	0.7034
b'17:26970000'	b'A25.mutect2.filtered.snp'	3	0.6814	0.0126	0.8157
b'17:33592240'	b'A25.mutect2.filtered.snp'	3	0.6814	0.0126	0.8288
b'17:35609958'	b'A25.mutect2.filtered.snp'	3	0.6814	0.0126	0.6618
b'17:35656355'	b'A25.mutect2.filtered.snp'	3	0.6814	0.0126	0.6645
b'17:38318043'	b'A25.mutect2.filtered.snp'	3	0.6814	0.0126	0.5107
b'17:39553161'	b'A25.mutect2.filtered.snp'	3	0.6814	0.0126	0.7720
b'17:42982255'	b'A25.mutect2.filtered.snp'	3	0.6814	0.0126	0.7720
b'17:46259851'	b'A25.mutect2.filtered.snp'	3	0.6814	0.0126	0.8033
b'17:53068217'	b'A25.mutect2.filtered.snp'	3	0.6814	0.0126	0.7484
b'17:62049540'	b'A25.mutect2.filtered.snp'	3	0.6814	0.0126	0.7580
b'17:62923751'	b'A25.mutect2.filtered.snp'	3	0.6814	0.0126	0.7675
b'17:63206780'	b'A25.mutect2.filtered.snp'	3	0.6814	0.0126	0.7813
b'17:71192838'	b'A25.mutect2.filtered.snp'	3	0.6814	0.0126	0.7650
b'17:7577098'	b'A25.mutect2.filtered.snp'	3	0.6814	0.0126	0.7191
b'17:78327407'	b'A25.mutect2.filtered.snp'	3	0.6814	0.0126	0.7191
b'17:79852288'	b'A25.mutect2.filtered.snp'	3	0.6814	0.0126	0.7627
b'17:80367374'	b'A25.mutect2.filtered.snp'	3	0.6814	0.0126	0.7350
b'17:80684960'	b'A25.mutect2.filtered.snp'	3	0.6814	0.0126	0.5873
b'18:12115483'	b'A25.mutect2.filtered.snp'	3	0.6814	0.0126	0.8321
b'18:12125813'	b'A25.mutect2.filtered.snp'	3	0.6814	0.0126	0.8445
b'18:30257237'	b'A25.mutect2.filtered.snp'	3	0.6814	0.0126	0.5996
b'18:44559638'	b'A25.mutect2.filtered.snp'	3	0.6814	0.0126	0.6296
b'18:54270204'	b'A25.mutect2.filtered.snp'	3	0.6814	0.0126	0.7084
b'19:11408834'	b'A25.mutect2.filtered.snp'	3	0.6814	0.0126	0.7489
b'19:11892522'	b'A25.mutect2.filtered.snp'	3	0.6814	0.0126	0.7518
b'19:17452334'	b'A25.mutect2.filtered.snp'	3	0.6814	0.0126	0.6231
b'19:17749867'	b'A25.mutect2.filtered.snp'	3	0.6814	0.0126	0.7267
b'19:19605193'	b'A25.mutect2.filtered.snp'	3	0.6814	0.0126	0.6905
b'19:2989074'	b'A25.mutect2.filtered.snp'	3	0.6814	0.0126	0.6919
b'19:35978418'	b'A25.mutect2.filtered.snp'	3	0.6814	0.0126	0.7833
b'19:36832481'	b'A25.mutect2.filtered.snp'	3	0.6814	0.0126	0.6515
b'19:38948965'	b'A25.mutect2.filtered.snp'	3	0.6814	0.0126	0.6468
b'19:39905684'	b'A25.mutect2.filtered.snp'	3	0.6814	0.0126	0.6231
b'19:42219640'	b'A25.mutect2.filtered.snp'	3	0.6814	0.0126	0.6905
b'19:46326074'	b'A25.mutect2.filtered.snp'	3	0.6814	0.0126	0.7011
b'19:48342870'	b'A25.mutect2.filtered.snp'	3	0.6814	0.0126	0.6897
b'19:49253515'	b'A25.mutect2.filtered.snp'	3	0.6814	0.0126	0.7230
b'19:49529054'	b'A25.mutect2.filtered.snp'	3	0.6814	0.0126	0.7627
b'19:51323229'	b'A25.mutect2.filtered.snp'	3	0.6814	0.0126	0.7028
b'19:53612028'	b'A25.mutect2.filtered.snp'	3	0.6814	0.0126	0.5879
b'19:54301589'	b'A25.mutect2.filtered.snp'	3	0.6814	0.0126	0.7191
b'19:55179368'	b'A25.mutect2.filtered.snp'	3	0.6814	0.0126	0.7421
b'19:56482035'	b'A25.mutect2.filtered.snp'	3	0.6814	0.0126	0.7140
b'19:57640295'	b'A25.mutect2.filtered.snp'	3	0.6814	0.0126	0.7421
b'19:6475421'	b'A25.mutect2.filtered.snp'	3	0.6814	0.0126	0.7219
b'19:9011068'	b'A25.mutect2.filtered.snp'	3	0.6814	0.0126	0.8657
b'19:9868280'	b'A25.mutect2.filtered.snp'	3	0.6814	0.0126	0.7484
b'1:11009799'	b'A25.mutect2.filtered.snp'	3	0.6814	0.0126	0.6173
b'1:116280940'	b'A25.mutect2.filtered.snp'	3	0.6814	0.0126	0.6992
b'1:151733923'	b'A25.mutect2.filtered.snp'	3	0.6814	0.0126	0.7834
b'1:155218241'	b'A25.mutect2.filtered.snp'	3	0.6814	0.0126	0.7817
b'1:156386638'	b'A25.mutect2.filtered.snp'	3	0.6814	0.0126	0.5476
b'1:158261955'	b'A25.mutect2.filtered.snp'	3	0.6814	0.0126	0.6564
b'1:159038445'	b'A25.mutect2.filtered.snp'	3	0.6814	0.0126	0.7771
b'1:17257936'	b'A25.mutect2.filtered.snp'	3	0.6814	0.0126	0.7484
b'1:175323561'	b'A25.mutect2.filtered.snp'	3	0.6814	0.0126	0.7229
b'1:17661101'	b'A25.mutect2.filtered.snp'	3	0.6814	0.0126	0.6930
b'1:17685805'	b'A25.mutect2.filtered.snp'	3	0.6814	0.0126	0.6508
b'1:176912960'	b'A25.mutect2.filtered.snp'	3	0.6814	0.0126	0.4914
b'1:181701945'	b'A25.mutect2.filtered.snp'	3	0.6814	0.0126	0.7813
b'1:183093940'	b'A25.mutect2.filtered.snp'	3	0.6814	0.0126	0.6982
b'1:192990286'	b'A25.mutect2.filtered.snp'	3	0.6814	0.0126	0.7219
b'1:19431519'	b'A25.mutect2.filtered.snp'	3	0.6814	0.0126	0.8567
b'1:19465592'	b'A25.mutect2.filtered.snp'	3	0.6814	0.0126	0.8278
b'1:19483428'	b'A25.mutect2.filtered.snp'	3	0.6814	0.0126	0.7084
b'1:203020971'	b'A25.mutect2.filtered.snp'	3	0.6814	0.0126	0.6946
b'1:21137376'	b'A25.mutect2.filtered.snp'	3	0.6814	0.0126	0.4868
b'1:22155952'	b'A25.mutect2.filtered.snp'	3	0.6814	0.0126	0.7484
b'1:228492978'	b'A25.mutect2.filtered.snp'	3	0.6814	0.0126	0.7059
b'1:228521304'	b'A25.mutect2.filtered.snp'	3	0.6814	0.0126	0.7861
b'1:233514916'	b'A25.mutect2.filtered.snp'	3	0.6814	0.0126	0.6982
b'1:26371607'	b'A25.mutect2.filtered.snp'	3	0.6814	0.0126	0.5335
b'1:26385065'	b'A25.mutect2.filtered.snp'	3	0.6814	0.0126	0.5546
b'1:28898373'	b'A25.mutect2.filtered.snp'	3	0.6814	0.0126	0.4652
b'1:39463862'	b'A25.mutect2.filtered.snp'	3	0.6814	0.0126	0.7682
b'1:43675780'	b'A25.mutect2.filtered.snp'	3	0.6814	0.0126	0.5239
b'1:44415359'	b'A25.mutect2.filtered.snp'	3	0.6814	0.0126	0.7771
b'1:54477955'	b'A25.mutect2.filtered.snp'	3	0.6814	0.0126	0.6378
b'1:78184328'	b'A25.mutect2.filtered.snp'	3	0.6814	0.0126	0.5760
b'1:94486992'	b'A25.mutect2.filtered.snp'	3	0.6814	0.0126	0.4583
b'1:94546034'	b'A25.mutect2.filtered.snp'	3	0.6814	0.0126	0.6905
b'1:98187039'	b'A25.mutect2.filtered.snp'	3	0.6814	0.0126	0.7140
b'20:23064901'	b'A25.mutect2.filtered.snp'	3	0.6814	0.0126	0.8315
b'20:24995830'	b'A25.mutect2.filtered.snp'	3	0.6814	0.0126	0.7273
b'20:26063536'	b'A25.mutect2.filtered.snp'	3	0.6814	0.0126	0.5932
b'20:31814650'	b'A25.mutect2.filtered.snp'	3	0.6814	0.0126	0.7788
b'20:32878275'	b'A25.mutect2.filtered.snp'	3	0.6814	0.0126	0.7542
b'20:33981943'	b'A25.mutect2.filtered.snp'	3	0.6814	0.0126	0.8197
b'20:36641105'	b'A25.mutect2.filtered.snp'	3	0.6814	0.0126	0.7649
b'20:42635215'	b'A25.mutect2.filtered.snp'	3	0.6814	0.0126	0.5654
b'20:43047084'	b'A25.mutect2.filtered.snp'	3	0.6814	0.0126	0.5924
b'20:44439605'	b'A25.mutect2.filtered.snp'	3	0.6814	0.0126	0.8628
b'20:47262485'	b'A25.mutect2.filtered.snp'	3	0.6814	0.0126	0.7421
b'20:55072575'	b'A25.mutect2.filtered.snp'	3	0.6814	0.0126	0.6783
b'20:60737921'	b'A25.mutect2.filtered.snp'	3	0.6814	0.0126	0.5442
b'20:61449993'	b'A25.mutect2.filtered.snp'	3	0.6814	0.0126	0.5567
b'20:9416364'	b'A25.mutect2.filtered.snp'	3	0.6814	0.0126	0.6173
b'21:41668046'	b'A25.mutect2.filtered.snp'	3	0.6814	0.0126	0.7686
b'21:44524502'	b'A25.mutect2.filtered.snp'	3	0.6814	0.0126	0.7011
b'22:23779709'	b'A25.mutect2.filtered.snp'	3	0.6814	0.0126	0.7267
b'22:26343890'	b'A25.mutect2.filtered.snp'	3	0.6814	0.0126	0.7636
b'22:31533752'	b'A25.mutect2.filtered.snp'	3	0.6814	0.0126	0.8248
b'22:36745266'	b'A25.mutect2.filtered.snp'	3	0.6814	0.0126	0.7813
b'22:41980351'	b'A25.mutect2.filtered.snp'	3	0.6814	0.0126	0.5239
b'2:113500016'	b'A25.mutect2.filtered.snp'	3	0.6814	0.0126	0.6374
b'2:128370123'	b'A25.mutect2.filtered.snp'	3	0.6814	0.0126	0.6618
b'2:128631779'	b'A25.mutect2.filtered.snp'	3	0.6814	0.0126	0.7627
b'2:130956008'	b'A25.mutect2.filtered.snp'	3	0.6814	0.0126	0.5765
b'2:136519468'	b'A25.mutect2.filtered.snp'	3	0.6814	0.0126	0.6515
b'2:145187553'	b'A25.mutect2.filtered.snp'	3	0.6814	0.0126	0.5963
b'2:149803423'	b'A25.mutect2.filtered.snp'	3	0.6814	0.0126	0.5057
b'2:158114856'	b'A25.mutect2.filtered.snp'	3	0.6814	0.0126	0.7372
b'2:175260576'	b'A25.mutect2.filtered.snp'	3	0.6814	0.0126	0.6368
b'2:179247783'	b'A25.mutect2.filtered.snp'	3	0.6814	0.0126	0.7580
b'2:179444546'	b'A25.mutect2.filtered.snp'	3	0.6814	0.0126	0.8199
b'2:1893095'	b'A25.mutect2.filtered.snp'	3	0.6814	0.0126	0.5987
b'2:189852900'	b'A25.mutect2.filtered.snp'	3	0.6814	0.0126	0.7230
b'2:196825114'	b'A25.mutect2.filtered.snp'	3	0.6814	0.0126	0.6663
b'2:20146256'	b'A25.mutect2.filtered.snp'	3	0.6814	0.0126	0.7720
b'2:203757378'	b'A25.mutect2.filtered.snp'	3	0.6814	0.0126	0.5987
b'2:210558297'	b'A25.mutect2.filtered.snp'	3	0.6814	0.0126	0.7900
b'2:225651930'	b'A25.mutect2.filtered.snp'	3	0.6814	0.0126	0.7484
b'2:228860266'	b'A25.mutect2.filtered.snp'	3	0.6814	0.0126	0.8029
b'2:234346089'	b'A25.mutect2.filtered.snp'	3	0.6814	0.0126	0.6197
b'2:238330373'	b'A25.mutect2.filtered.snp'	3	0.6814	0.0126	0.6785
b'2:241512537'	b'A25.mutect2.filtered.snp'	3	0.6814	0.0126	0.6785
b'2:25095578'	b'A25.mutect2.filtered.snp'	3	0.6814	0.0126	0.7834
b'2:27597941'	b'A25.mutect2.filtered.snp'	3	0.6814	0.0126	0.5196
b'2:31403842'	b'A25.mutect2.filtered.snp'	3	0.6814	0.0126	0.6359
b'2:46583440'	b'A25.mutect2.filtered.snp'	3	0.6814	0.0126	0.5678
b'2:47739556'	b'A25.mutect2.filtered.snp'	3	0.6814	0.0126	0.7040
b'2:48960170'	b'A25.mutect2.filtered.snp'	3	0.6814	0.0126	0.6993
b'2:61315335'	b'A25.mutect2.filtered.snp'	3	0.6814	0.0126	0.6515
b'2:73491614'	b'A25.mutect2.filtered.snp'	3	0.6814	0.0126	0.6181
b'2:74601375'	b'A25.mutect2.filtered.snp'	3	0.6814	0.0126	0.4807
b'2:88407883'	b'A25.mutect2.filtered.snp'	3	0.6814	0.0126	0.4773
b'3:111692600'	b'A25.mutect2.filtered.snp'	3	0.6814	0.0126	0.7983
b'3:111927158'	b'A25.mutect2.filtered.snp'	3	0.6814	0.0126	0.6650
b'3:112324369'	b'A25.mutect2.filtered.snp'	3	0.6814	0.0126	0.5008
b'3:128780685'	b'A25.mutect2.filtered.snp'	3	0.6814	0.0126	0.5620
b'3:12950069'	b'A25.mutect2.filtered.snp'	3	0.6814	0.0126	0.6897
b'3:12961899'	b'A25.mutect2.filtered.snp'	3	0.6814	0.0126	0.6663
b'3:137880893'	b'A25.mutect2.filtered.snp'	3	0.6814	0.0126	0.6468
b'3:143708430'	b'A25.mutect2.filtered.snp'	3	0.6814	0.0126	0.7215
b'3:154890405'	b'A25.mutect2.filtered.snp'	3	0.6814	0.0126	0.7946
b'3:160021606'	b'A25.mutect2.filtered.snp'	3	0.6814	0.0126	0.6930
b'3:172835213'	b'A25.mutect2.filtered.snp'	3	0.6814	0.0126	0.8466
b'3:17418107'	b'A25.mutect2.filtered.snp'	3	0.6814	0.0126	0.8180
b'3:185407290'	b'A25.mutect2.filtered.snp'	3	0.6814	0.0126	0.7704
b'3:193044878'	b'A25.mutect2.filtered.snp'	3	0.6814	0.0126	0.7267
b'3:193159292'	b'A25.mutect2.filtered.snp'	3	0.6814	0.0126	0.5030
b'3:195345966'	b'A25.mutect2.filtered.snp'	3	0.6814	0.0126	0.5339
b'3:197495324'	b'A25.mutect2.filtered.snp'	3	0.6814	0.0126	0.6359
b'3:30713399'	b'A25.mutect2.filtered.snp'	3	0.6814	0.0126	0.8180
b'3:37860516'	b'A25.mutect2.filtered.snp'	3	0.6814	0.0126	0.7191
b'3:44285101'	b'A25.mutect2.filtered.snp'	3	0.6814	0.0126	0.8577
b'3:44844392'	b'A25.mutect2.filtered.snp'	3	0.6814	0.0126	0.7682
b'3:45000019'	b'A25.mutect2.filtered.snp'	3	0.6814	0.0126	0.5138
b'3:47079160'	b'A25.mutect2.filtered.snp'	3	0.6814	0.0126	0.5463
b'3:48576037'	b'A25.mutect2.filtered.snp'	3	0.6814	0.0126	0.5138
b'3:50214232'	b'A25.mutect2.filtered.snp'	3	0.6814	0.0126	0.8455
b'3:51393872'	b'A25.mutect2.filtered.snp'	3	0.6814	0.0126	0.6982
b'3:51395504'	b'A25.mutect2.filtered.snp'	3	0.6814	0.0126	0.5173
b'3:62189649'	b'A25.mutect2.filtered.snp'	3	0.6814	0.0126	0.4807
b'3:63825377'	b'A25.mutect2.filtered.snp'	3	0.6814	0.0126	0.6181
b'3:7348161'	b'A25.mutect2.filtered.snp'	3	0.6814	0.0126	0.6882
b'3:9704130'	b'A25.mutect2.filtered.snp'	3	0.6814	0.0126	0.7465
b'4:104512751'	b'A25.mutect2.filtered.snp'	3	0.6814	0.0126	0.6919
b'4:146770460'	b'A25.mutect2.filtered.snp'	3	0.6814	0.0126	0.7028
b'4:151765842'	b'A25.mutect2.filtered.snp'	3	0.6814	0.0126	0.6564
b'4:153864353'	b'A25.mutect2.filtered.snp'	3	0.6814	0.0126	0.6509
b'4:155156296'	b'A25.mutect2.filtered.snp'	3	0.6814	0.0126	0.7436
b'4:16188143'	b'A25.mutect2.filtered.snp'	3	0.6814	0.0126	0.7273
b'4:174537633'	b'A25.mutect2.filtered.snp'	3	0.6814	0.0126	0.7865
b'4:176622755'	b'A25.mutect2.filtered.snp'	3	0.6814	0.0126	0.6195
b'4:17695119'	b'A25.mutect2.filtered.snp'	3	0.6814	0.0126	0.7040
b'4:183675984'	b'A25.mutect2.filtered.snp'	3	0.6814	0.0126	0.8052
b'4:183676061'	b'A25.mutect2.filtered.snp'	3	0.6814	0.0126	0.9237
b'4:38829546'	b'A25.mutect2.filtered.snp'	3	0.6814	0.0126	0.8062
b'4:40155871'	b'A25.mutect2.filtered.snp'	3	0.6814	0.0126	0.7503
b'4:40828011'	b'A25.mutect2.filtered.snp'	3	0.6814	0.0126	0.8003
b'4:69682451'	b'A25.mutect2.filtered.snp'	3	0.6814	0.0126	0.8138
b'4:74477437'	b'A25.mutect2.filtered.snp'	3	0.6814	0.0126	0.8750
b'4:79516513'	b'A25.mutect2.filtered.snp'	3	0.6814	0.0126	0.8278
b'5:1394130'	b'A25.mutect2.filtered.snp'	3	0.6814	0.0126	0.7503
b'5:1406383'	b'A25.mutect2.filtered.snp'	3	0.6814	0.0126	0.7421
b'5:168195283'	b'A25.mutect2.filtered.snp'	3	0.6814	0.0126	0.6508
b'5:169720325'	b'A25.mutect2.filtered.snp'	3	0.6814	0.0126	0.8332
b'5:38431228'	b'A25.mutect2.filtered.snp'	3	0.6814	0.0126	0.7517
b'5:45645531'	b'A25.mutect2.filtered.snp'	3	0.6814	0.0126	0.7682
b'5:74059510'	b'A25.mutect2.filtered.snp'	3	0.6814	0.0126	0.4698
b'5:7707931'	b'A25.mutect2.filtered.snp'	3	0.6814	0.0126	0.7489
b'5:90074429'	b'A25.mutect2.filtered.snp'	3	0.6814	0.0126	0.6960
b'6:102503244'	b'A25.mutect2.filtered.snp'	3	0.6814	0.0126	0.7627
b'6:111213375'	b'A25.mutect2.filtered.snp'	3	0.6814	0.0126	0.8442
b'6:121491532'	b'A25.mutect2.filtered.snp'	3	0.6814	0.0126	0.6468
b'6:131997885'	b'A25.mutect2.filtered.snp'	3	0.6814	0.0126	0.7219
b'6:136710698'	b'A25.mutect2.filtered.snp'	3	0.6814	0.0126	0.7771
b'6:136923060'	b'A25.mutect2.filtered.snp'	3	0.6814	0.0126	0.7813
b'6:147128614'	b'A25.mutect2.filtered.snp'	3	0.6814	0.0126	0.7040
b'6:150267682'	b'A25.mutect2.filtered.snp'	3	0.6814	0.0126	0.8742
b'6:152784652'	b'A25.mutect2.filtered.snp'	3	0.6814	0.0126	0.6905
b'6:24403234'	b'A25.mutect2.filtered.snp'	3	0.6814	0.0126	0.6509
b'6:33154428'	b'A25.mutect2.filtered.snp'	3	0.6814	0.0126	0.6960
b'6:35280221'	b'A25.mutect2.filtered.snp'	3	0.6814	0.0126	0.7273
b'6:37446888'	b'A25.mutect2.filtered.snp'	3	0.6814	0.0126	0.5397
b'6:38790755'	b'A25.mutect2.filtered.snp'	3	0.6814	0.0126	0.7219
b'6:43400020'	b'A25.mutect2.filtered.snp'	3	0.6814	0.0126	0.8317
b'6:44134406'	b'A25.mutect2.filtered.snp'	3	0.6814	0.0126	0.5760
b'6:47575715'	b'A25.mutect2.filtered.snp'	3	0.6814	0.0126	0.8248
b'6:49399587'	b'A25.mutect2.filtered.snp'	3	0.6814	0.0126	0.7580
b'6:50696613'	b'A25.mutect2.filtered.snp'	3	0.6814	0.0126	0.6802
b'6:55119996'	b'A25.mutect2.filtered.snp'	3	0.6814	0.0126	0.8278
b'6:55966221'	b'A25.mutect2.filtered.snp'	3	0.6814	0.0126	0.5030
b'6:56033032'	b'A25.mutect2.filtered.snp'	3	0.6814	0.0126	0.7273
b'6:6167727'	b'A25.mutect2.filtered.snp'	3	0.6814	0.0126	0.8455
b'6:74496960'	b'A25.mutect2.filtered.snp'	3	0.6814	0.0126	0.6231
b'6:75828730'	b'A25.mutect2.filtered.snp'	3	0.6814	0.0126	0.8138
b'6:86239954'	b'A25.mutect2.filtered.snp'	3	0.6814	0.0126	0.6919
b'6:90583409'	b'A25.mutect2.filtered.snp'	3	0.6814	0.0126	0.6231
b'6:90604799'	b'A25.mutect2.filtered.snp'	3	0.6814	0.0126	0.8380
b'7:106508836'	b'A25.mutect2.filtered.snp'	3	0.6814	0.0126	0.5678
b'7:12684336'	b'A25.mutect2.filtered.snp'	3	0.6814	0.0126	0.8027
b'7:128452224'	b'A25.mutect2.filtered.snp'	3	0.6814	0.0126	0.5335
b'7:140273812'	b'A25.mutect2.filtered.snp'	3	0.6814	0.0126	0.7350
b'7:141727503'	b'A25.mutect2.filtered.snp'	3	0.6814	0.0126	0.6359
b'7:146818150'	b'A25.mutect2.filtered.snp'	3	0.6814	0.0126	0.8466
b'7:155436223'	b'A25.mutect2.filtered.snp'	3	0.6814	0.0126	0.7217
b'7:20194046'	b'A25.mutect2.filtered.snp'	3	0.6814	0.0126	0.4914
b'7:20420319'	b'A25.mutect2.filtered.snp'	3	0.6814	0.0126	0.7517
b'7:23731042'	b'A25.mutect2.filtered.snp'	3	0.6814	0.0126	0.8000
b'7:31877532'	b'A25.mutect2.filtered.snp'	3	0.6814	0.0126	0.7650
b'7:92735029'	b'A25.mutect2.filtered.snp'	3	0.6814	0.0126	0.8423
b'7:96637014'	b'A25.mutect2.filtered.snp'	3	0.6814	0.0126	0.7213
b'8:102570875'	b'A25.mutect2.filtered.snp'	3	0.6814	0.0126	0.8143
b'8:141370294'	b'A25.mutect2.filtered.snp'	3	0.6814	0.0126	0.7040
b'8:144460871'	b'A25.mutect2.filtered.snp'	3	0.6814	0.0126	0.5620
b'8:24333440'	b'A25.mutect2.filtered.snp'	3	0.6814	0.0126	0.8344
b'8:41581055'	b'A25.mutect2.filtered.snp'	3	0.6814	0.0126	0.7861
b'8:54669155'	b'A25.mutect2.filtered.snp'	3	0.6814	0.0126	0.7276
b'8:62577826'	b'A25.mutect2.filtered.snp'	3	0.6814	0.0126	0.7436
b'8:69039671'	b'A25.mutect2.filtered.snp'	3	0.6814	0.0126	0.6946
b'8:92033686'	b'A25.mutect2.filtered.snp'	3	0.6814	0.0126	0.7219
b'9:115014995'	b'A25.mutect2.filtered.snp'	3	0.6814	0.0126	0.7230
b'9:116187245'	b'A25.mutect2.filtered.snp'	3	0.6814	0.0126	0.7517
b'9:126164193'	b'A25.mutect2.filtered.snp'	3	0.6814	0.0126	0.7040
b'9:127228642'	b'A25.mutect2.filtered.snp'	3	0.6814	0.0126	0.6882
b'9:128434659'	b'A25.mutect2.filtered.snp'	3	0.6814	0.0126	0.7273
b'9:131185167'	b'A25.mutect2.filtered.snp'	3	0.6814	0.0126	0.7771
b'9:135983436'	b'A25.mutect2.filtered.snp'	3	0.6814	0.0126	0.8104
b'9:138415735'	b'A25.mutect2.filtered.snp'	3	0.6814	0.0126	0.6739
b'9:14690271'	b'A25.mutect2.filtered.snp'	3	0.6814	0.0126	0.7011
b'9:14859415'	b'A25.mutect2.filtered.snp'	3	0.6814	0.0126	0.7217
b'9:19516249'	b'A25.mutect2.filtered.snp'	3	0.6814	0.0126	0.7305
b'9:20354939'	b'A25.mutect2.filtered.snp'	3	0.6814	0.0126	0.7276
b'9:33068902'	b'A25.mutect2.filtered.snp'	3	0.6814	0.0126	0.6993
b'9:33524633'	b'A25.mutect2.filtered.snp'	3	0.6814	0.0126	0.5620
b'9:37719159'	b'A25.mutect2.filtered.snp'	3	0.6814	0.0126	0.6645
b'9:79323586'	b'A25.mutect2.filtered.snp'	3	0.6814	0.0126	0.8288
b'9:84249145'	b'A25.mutect2.filtered.snp'	3	0.6814	0.0126	0.6762
b'9:92006338'	b'A25.mutect2.filtered.snp'	3	0.6814	0.0126	0.8031
b'X:19431516'	b'A25.mutect2.filtered.snp'	3	0.6814	0.0126	0.6618
b'X:20156759'	b'A25.mutect2.filtered.snp'	3	0.6814	0.0126	0.4698
